name,language,id,bio,version
Adeel Solangi,Sindhi,V59OF92YF627HFY0,Donec lobortis eleifend condimentum. Cras dictum dolor lacinia lectus vehicula rutrum. Maecenas quis nisi nunc. Nam tristique feugiat est vitae mollis. Maecenas quis nisi nunc.,6.1
Afzal Ghaffar,Sindhi,ENTOCR13RSCLZ6KU,"Aliquam sollicitudin ante ligula, eget malesuada nibh efficitur et. Pellentesque massa sem, scelerisque sit amet odio id, cursus tempor urna. Etiam congue dignissim volutpat. Vestibulum pharetra libero et velit gravida euismod.",1.88
Aamir Solangi,Sindhi,IAKPO3R4761JDRVG,"Vestibulum pharetra libero et velit gravida euismod. Quisque mauris ligula, efficitur porttitor sodales ac, lacinia non ex. Fusce eu ultrices elit, vel posuere neque.",7.27
Abla Dilmurat,Uyghur,5ZVOEPMJUI4MB4EN,Donec lobortis eleifend condimentum. Morbi ac tellus erat.,2.53
Adil Eli,Uyghur,6VTI8X6LL0MMPJCC,"Vivamus id faucibus velit, id posuere leo. Morbi vitae nisi lacinia, laoreet lorem nec, egestas orci. Suspendisse potenti.",6.49
Adile Qadir,Uyghur,F2KEU5L7EHYSYFTT,"Duis commodo orci ut dolor iaculis facilisis. Morbi ultricies consequat ligula posuere eleifend. Aenean finibus in tortor vel aliquet. Fusce eu ultrices elit, vel posuere neque.",1.9
Abdukerim Ibrahim,Uyghur,LO6DVTZLRK68528I,"Vivamus id faucibus velit, id posuere leo. Nunc aliquet sodales nunc a pulvinar. Nunc aliquet sodales nunc a pulvinar. Ut viverra quis eros eu tincidunt.",5.9
Adil Abro,Sindhi,LJRIULRNJFCNZJAJ,"Etiam malesuada blandit erat, nec ultricies leo maximus sed. Fusce congue aliquam elit ut luctus. Etiam malesuada blandit erat, nec ultricies leo maximus sed. Cras dictum dolor lacinia lectus vehicula rutrum. Integer vehicula, arcu sit amet egestas efficitur, orci justo interdum massa, eget ullamcorper risus ligula tristique libero.",9.32
Afonso Vilarchán,Galician,JMCL0CXNXHPL1GBC,"Fusce eu ultrices elit, vel posuere neque. Morbi ac tellus erat. Nunc tincidunt laoreet laoreet.",5.21
Mark Schembri,Maltese,KU4T500C830697CW,"Nam laoreet, nunc non suscipit interdum, justo turpis vestibulum massa, non vulputate ex urna at purus. Morbi ultricies consequat ligula posuere eleifend. Vivamus id faucibus velit, id posuere leo. Sed laoreet posuere sapien, ut feugiat nibh gravida at. Ut maximus, libero nec facilisis fringilla, ex sem sollicitudin leo, non congue tortor ligula in eros.",3.17
Antía Sixirei,Galician,XOF91ZR7MHV1TXRS,"Pellentesque massa sem, scelerisque sit amet odio id, cursus tempor urna. Phasellus massa ligula, hendrerit eget efficitur eget, tincidunt in ligula. Morbi finibus dui sed est fringilla ornare. Duis pellentesque ultrices convallis. Morbi ultricies consequat ligula posuere eleifend.",6.44
Aygul Mutellip,Uyghur,FTSNV411G5MKLPDT,"Duis commodo orci ut dolor iaculis facilisis. Nam semper gravida nunc, sit amet elementum ipsum. Donec pellentesque ultrices mi, non consectetur eros luctus non. Pellentesque massa sem, scelerisque sit amet odio id, cursus tempor urna.",9.1
